mean_flux,std_flux,median_flux,min_flux,max_flux,flux_range,skewness,kurtosis,transit_depth,below_mean_fraction,rms,peak_to_peak,percentile_10,percentile_90,percentile_range,autocorr_lag1,n_dips,snr,star_name,label,mission
1.0000226015246239,0.0004987994968670663,1.0000230073928833,0.9975472688674928,1.0024296045303345,0.004882335662841686,-0.002787358120424204,0.46687013218214446,0.0024753326571310685,0.49965133334936396,1.0000227259222734,0.004882335662841686,0.9993983507156372,1.000656247138977,0.0012578964233398438,0.06819682239913918,897,2004.858881786597,Kepler-7,1,Kepler
1.00000000844593,0.00024106947188768567,1.0,0.9987962245941162,1.0012017488479614,0.002405524253845215,-0.018997426491297955,0.30128332415480674,0.0012037838518137445,0.5000115465441194,1.0000000375031743,0.002405524253845215,0.999696671962738,1.0003063678741455,0.0006096959114074707,0.2425483637863329,1060,4148.1818523741995,Kepler-10,1,Kepler
0.9999977048350497,0.0008759332214825419,0.9999993145465852,0.9959836602211,1.0042489767074585,0.008265316486358532,0.0038215671643898443,0.2180565127882539,0.004014044613949719,0.4992105507569425,0.9999980884653609,0.008265316486358532,0.9988767147064209,1.00111186504364,0.002235150337218994,0.0579262649808212,1021,1141.636919698656,Kepler-11,1,Kepler
0.9998630907580613,0.0010781643117706132,1.0000096559524536,0.9950947165489196,1.0052179098129272,0.01012319326400768,-0.38337176037442044,-0.28604158333387986,0.004768374209141779,0.4413371457795755,0.9998636720566191,0.01012319326400768,0.9982578277587889,1.0011600017547608,0.002902173995971924,0.8984326816053693,1479,927.375428626494,Kepler-16,1,Kepler
1.0000011197454468,0.0002999221903805686,0.9999998807907104,0.9985105395317078,1.0014899969100952,0.002979457378387451,0.05082574274518759,0.20633119123191213,0.0014905802137390456,0.5017785217345818,1.0000011647220557,0.002979457378387451,0.9996196031570436,1.000383973121643,0.0007643699645994984,0.12491486550269103,855,3334.201842406373,Kepler-22,1,Kepler
1.000013701250694,0.0002530437734854246,1.0000000298023224,0.9989479780197144,1.001254677772522,0.002306699752807617,0.038578206678891835,0.8080536862402208,0.0010657232309796427,0.5258620689655172,1.0000137332658305,0.002306699752807617,0.999716579914093,1.00035640001297,0.0006398200988770864,0.5898766203265043,35,3951.939569492293,Kepler-62,1,Kepler
0.9999853139082493,0.0005818051087722072,0.9999991059303284,0.9977365732192992,1.0016934871673584,0.003956913948059193,-0.2021014398552852,-0.13661684956097897,0.0022487406889500905,0.4892041949413942,0.9999854831593129,0.003956913948059193,0.9992308020591736,1.000718593597412,0.0014877915382385254,0.7342229565180487,37,1718.763377685931,Kepler-186,1,Kepler
1.0000440423237418,0.0005991262061922415,0.9999997615814208,0.9982128143310548,1.0028496980667114,0.004636883735656627,0.2883056404729633,0.05380238540631899,0.001831227992686979,0.5280345040049291,1.000044221791927,0.004636883735656627,0.9993048906326294,1.0008394956588744,0.0015346050262450284,0.6047254888254237,17,1669.1709225666184,Kepler-442,1,Kepler
1.0000039844878956,0.00012795229986080586,1.0,0.999700665473938,1.0006020069122314,0.000901341438293457,0.561241639987237,1.731907475260082,0.00030331901395763694,0.5266524520255863,1.0000039926737585,0.000901341438293457,0.9998493432998657,1.0001519680023194,0.0003026247024536799,-0.009488839142548335,9,7815.443611218865,Kepler-452,1,Kepler
1.0000046884890683,0.0009369132901785407,0.9999995231628418,0.9969034194946288,1.004402756690979,0.007499337196350209,0.22448835827646327,0.426105823332374,0.003101268994439521,0.5037488284910965,1.000005127390171,0.007499337196350209,0.9988257229328157,1.0011917114257813,0.002365988492965654,0.057995445854965084,79,1067.3396342776873,Kepler-1649,1,Kepler
0.9999974083506544,0.0016558375478268883,1.0,0.9938499331474304,1.006603717803955,0.012753784656524658,0.030255359639259936,-0.013148836991043744,0.0061474752032240065,0.4993161551507194,0.9999987792522601,0.012753784656524658,0.9978557229042053,1.0021023750305176,0.004246652126312256,0.01895785233512087,398,603.9224135622757,TOI-700,1,TESS
0.999997972781867,0.0023561280858494563,1.0000019073486328,0.9892167448997498,1.0094019174575806,0.02018517255783081,-0.0568046157815819,0.3146612980920849,0.010781227882117217,0.4994115610938041,1.0000007484534201,0.02018517255783081,0.9970278859138488,1.0029803276062013,0.005952441692352428,0.16792820593543745,361,424.42428269825456,TOI-1338,1,TESS
0.9999568112903925,0.006688232815718495,0.9999999105930328,0.9700764417648317,1.027531623840332,0.05745518207550038,0.0021365442183257036,0.11886389977703793,0.029880369525560835,0.4972858538703724,0.9999791782353504,0.05745518207550038,0.9914835810661317,1.008416485786438,0.016932904720306285,0.012219921173088623,427,149.50986887602392,TOI-2257,1,TESS
0.9999875979605677,0.003366082824372012,0.9999997019767761,0.986038088798523,1.0138100385665894,0.027771949768066406,-0.014353469591428338,0.16382255517367694,0.013949509162044738,0.4982486865148862,0.9999932632715715,0.027771949768066406,0.9957329034805298,1.004318082332611,0.00858517885208121,0.07671316241606911,451,297.0775379382202,LHS 3844,1,TESS
0.9999993352148316,0.000598348517508489,0.9999999701976776,0.9971230626106262,1.0026096105575562,0.005486547946929932,0.007071510014000128,0.522878624939358,0.002876272604205421,0.49992330111980365,0.9999995142254089,0.005486547946929932,0.9992624342441557,1.0007554531097411,0.0014930188655853938,0.10877043303495618,283,1671.265668675521,GJ 357,1,TESS
0.9999923098984838,0.000510387443394965,1.0,0.9977117776870728,1.0025442838668823,0.00483250617980957,-0.10309217082405348,0.3063909454629723,0.0022805322114110016,0.4928868461370103,0.9999924401471482,0.00483250617980957,0.9993410110473632,1.000630259513855,0.0012892484664918102,0.5010627256063436,449,1959.280783333528,HD 21749,1,TESS
0.9997072047710147,0.004096320364311981,0.9999999403953552,0.9822293519973756,1.0097486972808838,0.02751934528350819,-0.02290780775678285,-0.8475884426733273,0.017477852773639113,0.48123934053439454,0.9997155971133004,0.02751934528350819,0.9946216404438019,1.005505847930908,0.010884207487106168,0.986034533937865,46,244.05005367272483,K2-18,1,K2
1.000009419430386,0.0005342657269294367,1.0000118017196655,0.9973899722099304,1.0025403499603271,0.0051503777503967285,-0.1358336350552824,3.4782667524702737,0.002619447220455484,0.49772727272727274,1.0000095621489649,0.0051503777503967285,0.999431610107422,1.0006051659584045,0.001173555850982555,0.7193611470402482,71,1871.7454050022984,K2-55,1,K2
1.0001065624490804,0.0032536498762211377,1.0,0.9920368790626526,1.0079925060272217,0.015955626964569092,0.11244831396762632,-0.7214034977481845,0.008069683386427773,0.5144992526158445,1.0001118549898471,0.015955626964569092,0.995919942855835,1.0046050548553467,0.008685111999511719,0.9932395239230118,26,307.3798965765261,K2-141,1,K2
1.0000061415281951,0.004813275562796999,0.9999999701976776,0.9855044484138488,1.021031618118286,0.035527169704437145,-0.2502517838463813,0.6983448797430918,0.014501693114346348,0.5004901960784314,1.0000177252007845,0.035527169704437145,0.9941526710987091,1.0054298639297485,0.011277192831039451,0.9564362605538147,96,207.7600022025522,K2-229,1,K2
1.0004922569240646,0.04720534686197439,0.9993330240249634,0.7597776651382446,1.2388553619384766,0.47907769680023193,0.22513097594697148,3.0555937773264206,0.24071459178582,0.5107810993249758,1.0016052620355824,0.47907769680023193,0.9479834377765656,1.0540183544158936,0.10603491663932807,0.7084610057864373,2168,21.19446892000273,TRAPPIST-1,1,K2
1.0000065683044828,0.00020270352439006646,1.000000238418579,0.9990555047988892,1.0010030269622805,0.0019475221633913353,0.3276903579085689,0.4800047253930839,0.0009510635055935968,0.5122193247640366,1.0000065888487069,0.0019475221633913353,0.999753451347351,1.000260591506958,0.0005071401596069558,0.8639625414486315,574,4933.345738874032,KIC 3733735,0,Kepler
0.9999999529439928,0.0003796032000117983,0.9999998807907104,0.998162031173706,1.0018757581710815,0.0037137269973754883,-0.006685197269269029,0.192160105509938,0.0018379217702867434,0.5000696508172363,1.0000000249932883,0.0037137269973754883,0.9995193004608154,1.0004849433898926,0.0009656429290771928,0.07676337739508292,970,2634.329618172113,KIC 4914423,0,Kepler
0.9999629282158734,0.00036904373458818444,1.0,0.9986674189567566,1.0015952587127686,0.002927839756011963,-0.4285424185745813,0.25268281326545816,0.0012955092591168116,0.4550275341627575,0.9999629963150346,0.002927839756011963,0.9994702875614168,1.000390648841858,0.000920361280441151,0.942890411429911,2300,2709.6054870887624,KIC 5955122,0,Kepler
1.0000322691535832,0.000280156794640969,0.9999991357326508,0.9992456436157228,1.0012950897216797,0.0020494461059569202,0.48296835099721047,0.2173398496743375,0.0007866255378604636,0.5530209617755857,1.0000323083962308,0.0020494461059569202,0.999702936410904,1.0004134774208069,0.0007105410099028653,0.5310431144891705,19,3569.544941557318,KIC 6289650,0,Kepler
0.9999464971715984,0.00044962367928388496,1.0,0.997879683971405,1.0019958019256592,0.00411611795425415,-0.5079124554571485,0.016140319536039005,0.002066813200193418,0.4610056975589358,0.9999465982577282,0.00411611795425415,0.9993643164634703,1.0004864811897278,0.0011221647262574796,0.947891611389169,1352,2223.9631568431,KIC 7103006,0,Kepler
0.9999997693829005,0.0002521956077607551,1.0,0.998862624168396,1.001250147819519,0.002387523651123047,0.011084512479677268,0.21302999313561832,0.0011371452145044758,0.4995782370307887,0.9999998011842196,0.002387523651123047,0.9996801614761353,1.0003195405006409,0.0006393790245056152,0.0873672622479923,316,3965.175199766161,KIC 8077137,0,Kepler
1.00008376620734,0.0006237763587255245,1.0000498294830322,0.9969500303268432,1.001808524131775,0.004858493804931752,-0.16769509940652635,0.6479191941942686,0.003133735880496924,0.5184466019417475,1.000083960739499,0.004858493804931752,0.9993316531181335,1.0009268522262573,0.0015951991081237793,0.7503789118824564,13,1603.2729554718492,KIC 9410930,0,Kepler
1.0013242676575074,0.007361021715635026,0.999992311000824,0.9823575615882874,1.0366352796554563,0.05427771806716897,0.44692672247426635,-0.21849655620475872,0.01896670606922002,0.5681743511115979,1.0013513237822884,0.05427771806716897,0.9924686491489411,1.0117623567581178,0.019293707609176702,0.9536785119531176,67,136.03060911105115,TIC 167602025,0,TESS
0.9999840475987801,0.0037319729812621055,0.9999996423721312,0.9824795126914978,1.018541932106018,0.036062419414520264,0.013368992804064481,0.14546789931301296,0.01750453490728232,0.4984404924760602,0.9999910114967895,0.036062419414520264,0.9952093124389648,1.0047151565551757,0.009505844116210915,0.015219333405050701,431,267.9505057029106,TIC 259962054,0,TESS
0.9999447381343823,0.0018887872991052348,1.0000005960464478,0.9907203316688538,1.0070573091506958,0.01633697748184204,-0.4246100713655114,1.2420200641631216,0.009224406465528578,0.4869179374713113,0.9999465219901009,0.01633697748184204,0.9976624846458436,1.0022414207458494,0.004578936100005815,0.18270036385180113,547,529.410981643132,TIC 394050135,0,TESS
1.0000361485248823,0.0031653058486847577,1.0000000596046448,0.986765682697296,1.0150326490402222,0.028266966342926136,0.06212405881034912,0.09965537769938893,0.013270465827586286,0.5049397459559223,1.0000411579118111,0.028266966342926136,0.9960039138793946,1.004090392589569,0.008086478710174427,0.007961985101426471,385,315.9366570975805,TIC 441798995,0,TESS
1.0000614833117274,0.006957096181653523,1.0000205039978027,0.965810000896454,1.0346752405166626,0.06886523962020863,0.17428336419631,1.6779878125669034,0.034251482415273427,0.5029686174724343,1.0000856821247532,0.06886523962020863,0.9919841051101685,1.0084861516952515,0.01650204658508292,0.8214060239460985,77,143.7469681602186,EPIC 201170410,0,K2
0.9999849846451716,0.0004166295200943853,1.0000094175338743,0.9979827404022216,1.001611590385437,0.003628849983215443,-0.5971678394814154,1.6683126994658712,0.0020022442429500353,0.47665641599105396,0.9999850714365496,0.003628849983215443,0.9994791150093079,1.0004871129989623,0.0010079979896544522,0.7529549075466211,104,2400.1779432687104,EPIC 201498078,0,K2
1.0003996046262973,0.01361637395539125,1.0001373291015625,0.9319063425064088,1.0685447454452517,0.13663840293884288,-0.013827961962547984,3.129090836008539,0.06849326211988849,0.5075292805354155,1.0004922661251034,0.13663840293884288,0.9850388884544372,1.0156160593032837,0.03057717084884648,0.7688999011319126,1046,73.4703385720543,EPIC 202059229,0,K2
1.0020029476631196,0.009287044240600315,1.0000020861625671,0.9628819823265076,1.041532278060913,0.07865029573440552,0.6136877601616536,-0.07283888846827047,0.039120965336612024,0.5741389375364857,1.0020459851305763,0.07865029573440552,0.9920267462730408,1.0164597034454346,0.0244329571723938,0.9354092073650543,8,107.89255673862819,EPIC 211305568,0,K2
0.9999969162206337,0.000546332070859337,1.0,0.9974091053009032,1.002726912498474,0.00531780719757069,-0.08658601047375891,1.3892572856919476,0.002587810919730482,0.4972895863052782,0.9999970654604486,0.00531780719757069,0.9993404746055603,1.00067036151886,0.001329886913299605,0.6303426694223812,92,1830.3829658905395,EPIC 212297394,0,K2
